306,106,https://discord.com/api/invite/2ccAkg3?with_counts=true,2020-06-15 16:48:41.560501
306,108,https://discord.com/api/invite/2ccAkg3?with_counts=true,2020-06-15 17:08:00.370062
306,108,https://discord.com/api/invite/2ccAkg3?with_counts=true,2020-06-15 17:16:04.179845
306,105,https://discord.com/api/invite/2ccAkg3?with_counts=true,2020-06-15 17:24:09.579320
306,106,https://discord.com/api/invite/2ccAkg3?with_counts=true,2020-06-15 17:33:43.239151
306,106,https://discord.com/api/invite/2ccAkg3?with_counts=true,2020-06-15 17:43:42.284527
306,109,https://discord.com/api/invite/2ccAkg3?with_counts=true,2020-06-15 17:53:43.364869
306,109,https://discord.com/api/invite/2ccAkg3?with_counts=true,2020-06-15 18:08:23.873980
306,103,https://discord.com/api/invite/2ccAkg3?with_counts=true,2020-06-15 18:16:31.672901
306,111,https://discord.com/api/invite/2ccAkg3?with_counts=true,2020-06-15 18:24:29.324761
306,112,https://discord.com/api/invite/2ccAkg3?with_counts=true,2020-06-15 18:33:37.099225
306,112,https://discord.com/api/invite/2ccAkg3?with_counts=true,2020-06-15 18:43:38.361810
306,113,https://discord.com/api/invite/2ccAkg3?with_counts=true,2020-06-15 18:53:38.507231
306,111,https://discord.com/api/invite/2ccAkg3?with_counts=true,2020-06-15 19:07:16.355412
306,113,https://discord.com/api/invite/2ccAkg3?with_counts=true,2020-06-15 19:15:15.371603
306,117,https://discord.com/api/invite/2ccAkg3?with_counts=true,2020-06-15 19:23:49.307854
306,114,https://discord.com/api/invite/2ccAkg3?with_counts=true,2020-06-15 19:33:59.595402
306,111,https://discord.com/api/invite/2ccAkg3?with_counts=true,2020-06-15 19:43:56.735538
306,110,https://discord.com/api/invite/2ccAkg3?with_counts=true,2020-06-15 19:54:09.496866
306,115,https://discord.com/api/invite/2ccAkg3?with_counts=true,2020-06-15 20:09:15.013073
306,118,https://discord.com/api/invite/2ccAkg3?with_counts=true,2020-06-15 20:17:13.455507
306,114,2ccAkg3,2020-06-15 20:25:15.045687
306,116,2ccAkg3,2020-06-15 20:33:48.351378
306,115,2ccAkg3,2020-06-15 20:43:49.120260
306,118,2ccAkg3,2020-06-15 20:54:20.997072
306,122,2ccAkg3,2020-06-15 21:07:36.742352
306,122,2ccAkg3,2020-06-15 21:15:37.620229
306,116,2ccAkg3,2020-06-15 21:23:47.676162
306,113,2ccAkg3,2020-06-15 21:33:39.913682
306,115,2ccAkg3,2020-06-15 21:43:32.233172
307,116,2ccAkg3,2020-06-15 21:53:39.116920
307,111,2ccAkg3,2020-06-15 22:07:34.079905
307,113,2ccAkg3,2020-06-15 22:15:34.419823
307,116,2ccAkg3,2020-06-15 22:23:41.503388
307,110,2ccAkg3,2020-06-15 22:33:38.475772
307,113,2ccAkg3,2020-06-15 22:43:38.331082
307,108,2ccAkg3,2020-06-15 22:53:36.320286
307,103,2ccAkg3,2020-06-15 23:06:48.206701
307,105,2ccAkg3,2020-06-15 23:14:59.852191
307,101,2ccAkg3,2020-06-15 23:23:32.459759
307,96,2ccAkg3,2020-06-15 23:33:37.067327
307,100,2ccAkg3,2020-06-15 23:43:38.389285
307,96,2ccAkg3,2020-06-15 23:53:40.478248
307,96,2ccAkg3,2020-06-16 00:21:32.950813
307,97,2ccAkg3,2020-06-16 00:33:39.356136
307,94,2ccAkg3,2020-06-16 00:43:41.058979
307,96,2ccAkg3,2020-06-16 00:53:43.573968
307,95,2ccAkg3,2020-06-16 01:08:29.976001
307,94,2ccAkg3,2020-06-16 01:16:27.271438
307,95,2ccAkg3,2020-06-16 01:24:30.670446
307,94,2ccAkg3,2020-06-16 01:33:32.305733
307,93,2ccAkg3,2020-06-16 01:43:36.518323
307,92,2ccAkg3,2020-06-16 01:53:36.455487
307,90,2ccAkg3,2020-06-16 02:08:17.286712
307,91,2ccAkg3,2020-06-16 02:16:18.556346
307,85,2ccAkg3,2020-06-16 02:24:19.298250
307,84,2ccAkg3,2020-06-16 02:33:56.622282
307,82,2ccAkg3,2020-06-16 02:43:54.512840
307,82,2ccAkg3,2020-06-16 02:53:56.427708
307,82,2ccAkg3,2020-06-16 03:08:09.784168
307,83,2ccAkg3,2020-06-16 03:16:08.407118
307,81,2ccAkg3,2020-06-16 03:24:10.102820
307,80,2ccAkg3,2020-06-16 03:33:42.234573
307,79,2ccAkg3,2020-06-16 03:43:43.394609
307,81,2ccAkg3,2020-06-16 03:53:44.989436
307,76,2ccAkg3,2020-06-16 04:08:22.191963
307,77,2ccAkg3,2020-06-16 04:16:33.512967
307,78,2ccAkg3,2020-06-16 04:24:29.347264
307,73,2ccAkg3,2020-06-16 04:33:33.402820
307,73,2ccAkg3,2020-06-16 04:43:33.263788
307,72,2ccAkg3,2020-06-16 04:53:36.564826
307,73,2ccAkg3,2020-06-16 05:07:41.337617
307,75,2ccAkg3,2020-06-16 05:15:46.284507
307,75,2ccAkg3,2020-06-16 05:23:48.062512
307,74,2ccAkg3,2020-06-16 05:33:50.386835
307,72,2ccAkg3,2020-06-16 05:43:32.766840
307,75,2ccAkg3,2020-06-16 05:53:34.154297
307,72,2ccAkg3,2020-06-16 06:08:36.587413
307,77,2ccAkg3,2020-06-16 06:16:36.488015
307,78,2ccAkg3,2020-06-16 06:24:45.535822
307,77,2ccAkg3,2020-06-16 06:33:43.713017
307,77,2ccAkg3,2020-06-16 06:43:40.204308
307,75,2ccAkg3,2020-06-16 06:53:44.914780
307,77,2ccAkg3,2020-06-16 07:07:55.826325
307,78,2ccAkg3,2020-06-16 07:15:54.589699
307,80,2ccAkg3,2020-06-16 07:24:00.320311
307,78,2ccAkg3,2020-06-16 07:33:59.576584
307,77,2ccAkg3,2020-06-16 07:44:06.873013
307,77,2ccAkg3,2020-06-16 07:53:44.314532
307,74,2ccAkg3,2020-06-16 08:08:50.634667
307,74,2ccAkg3,2020-06-16 08:16:51.850418
307,73,2ccAkg3,2020-06-16 08:24:54.346382
307,70,2ccAkg3,2020-06-16 08:33:57.574513
307,72,2ccAkg3,2020-06-16 08:43:59.569038
307,70,2ccAkg3,2020-06-16 08:53:41.217002
307,71,2ccAkg3,2020-06-16 09:08:30.188495
307,74,2ccAkg3,2020-06-16 09:16:14.736280
307,76,2ccAkg3,2020-06-16 09:24:13.378888
307,79,2ccAkg3,2020-06-16 09:33:50.978717
307,79,2ccAkg3,2020-06-16 09:43:56.690178
307,83,2ccAkg3,2020-06-16 09:53:52.813303
307,84,2ccAkg3,2020-06-16 10:08:04.574983
308,87,2ccAkg3,2020-06-16 10:16:05.410405
308,84,2ccAkg3,2020-06-16 10:24:05.334326
308,83,2ccAkg3,2020-06-16 10:33:44.571081
308,85,2ccAkg3,2020-06-16 10:43:47.255058
308,82,2ccAkg3,2020-06-16 10:53:45.406923
308,85,2ccAkg3,2020-06-16 11:07:29.961101
308,86,2ccAkg3,2020-06-16 11:15:26.728093
309,87,2ccAkg3,2020-06-16 11:23:33.099579
309,82,2ccAkg3,2020-06-16 11:33:40.875710
309,86,2ccAkg3,2020-06-16 11:43:31.448774
309,87,2ccAkg3,2020-06-16 11:53:32.469654
309,88,2ccAkg3,2020-06-16 12:10:22.263196
309,89,2ccAkg3,2020-06-16 12:18:19.526100
309,94,2ccAkg3,2020-06-16 12:26:26.656895
309,96,2ccAkg3,2020-06-16 12:34:29.976922
309,97,2ccAkg3,2020-06-16 12:44:02.418733
309,98,2ccAkg3,2020-06-16 12:54:17.153495
309,96,2ccAkg3,2020-06-16 13:07:43.460885
309,102,2ccAkg3,2020-06-16 13:15:45.652461
309,104,2ccAkg3,2020-06-16 13:23:52.932288
309,105,2ccAkg3,2020-06-16 13:33:46.344367
309,105,2ccAkg3,2020-06-16 13:43:50.690802
309,107,2ccAkg3,2020-06-16 13:53:53.289713
309,114,2ccAkg3,2020-06-16 14:32:06.452198
309,117,2ccAkg3,2020-06-16 14:41:09.216636
309,121,2ccAkg3,2020-06-16 14:44:25.798921
309,119,2ccAkg3,2020-06-16 14:53:52.358525
309,111,2ccAkg3,2020-06-16 15:07:55.544756
309,118,2ccAkg3,2020-06-16 15:16:06.459970
309,119,2ccAkg3,2020-06-16 15:24:06.399783
309,117,2ccAkg3,2020-06-16 15:33:40.249406
309,117,2ccAkg3,2020-06-16 15:43:39.260294
309,114,2ccAkg3,2020-06-16 15:53:40.205650
308,108,2ccAkg3,2020-06-16 16:08:30.757000
308,110,2ccAkg3,2020-06-16 16:16:38.990317
308,108,2ccAkg3,2020-06-16 16:24:33.181189
308,104,2ccAkg3,2020-06-16 16:33:39.803825
308,104,2ccAkg3,2020-06-16 16:43:41.392600
308,104,2ccAkg3,2020-06-16 16:53:34.357562
308,106,2ccAkg3,2020-06-16 17:07:48.378321
308,107,2ccAkg3,2020-06-16 17:15:45.214609
308,100,2ccAkg3,2020-06-16 17:24:02.591747
308,103,2ccAkg3,2020-06-16 17:33:49.670485
308,107,2ccAkg3,2020-06-16 17:43:59.164559
308,107,2ccAkg3,2020-06-16 17:53:55.401648
308,109,2ccAkg3,2020-06-16 18:08:39.317630
308,109,2ccAkg3,2020-06-16 18:16:39.661288
308,106,2ccAkg3,2020-06-16 18:24:39.491914
308,109,2ccAkg3,2020-06-16 18:33:53.007426
308,110,2ccAkg3,2020-06-16 18:43:48.719702
308,106,2ccAkg3,2020-06-16 18:53:48.045304
308,106,2ccAkg3,2020-06-16 19:07:32.580530
308,107,2ccAkg3,2020-06-16 19:15:29.333793
308,105,2ccAkg3,2020-06-16 19:23:30.372386
308,106,2ccAkg3,2020-06-16 19:33:33.244465
308,107,2ccAkg3,2020-06-16 19:43:38.212885
308,112,2ccAkg3,2020-06-16 19:53:41.392524
308,115,2ccAkg3,2020-06-16 20:08:49.752378
308,123,2ccAkg3,2020-06-16 20:16:52.594168
308,123,2ccAkg3,2020-06-16 20:24:55.510711
308,117,2ccAkg3,2020-06-16 20:33:41.759090
308,123,2ccAkg3,2020-06-16 20:43:35.306911
308,117,2ccAkg3,2020-06-16 20:53:30.604424
308,118,2ccAkg3,2020-06-16 21:07:48.652207
308,116,2ccAkg3,2020-06-16 21:15:46.606744
308,116,2ccAkg3,2020-06-16 21:23:47.580866
308,114,2ccAkg3,2020-06-16 21:33:50.333904
308,115,2ccAkg3,2020-06-16 21:43:58.817336
308,115,2ccAkg3,2020-06-16 21:53:51.334793
308,107,2ccAkg3,2020-06-16 22:07:38.128515
308,109,2ccAkg3,2020-06-16 22:15:35.373284
308,108,2ccAkg3,2020-06-16 22:23:37.201285
308,102,2ccAkg3,2020-06-16 22:33:43.151604
308,105,2ccAkg3,2020-06-16 22:43:42.526641
309,99,2ccAkg3,2020-06-16 22:53:40.596932
309,99,2ccAkg3,2020-06-16 23:07:18.195526
309,100,2ccAkg3,2020-06-16 23:15:22.436798
309,104,2ccAkg3,2020-06-16 23:23:54.297623
309,102,2ccAkg3,2020-06-16 23:34:04.787889
309,96,2ccAkg3,2020-06-16 23:43:35.103477
309,97,2ccAkg3,2020-06-16 23:53:34.378510
309,95,2ccAkg3,2020-06-17 00:21:31.708140
309,96,2ccAkg3,2020-06-17 00:33:34.066672
309,95,2ccAkg3,2020-06-17 00:43:35.348891
309,98,2ccAkg3,2020-06-17 00:53:39.144574
309,96,2ccAkg3,2020-06-17 01:08:26.532069
309,96,2ccAkg3,2020-06-17 01:16:28.738553
309,93,2ccAkg3,2020-06-17 01:24:50.145739
309,93,2ccAkg3,2020-06-17 01:33:59.905389
309,95,2ccAkg3,2020-06-17 01:43:36.405016
309,91,2ccAkg3,2020-06-17 01:53:46.500979
309,91,2ccAkg3,2020-06-17 02:08:14.686586
309,89,2ccAkg3,2020-06-17 02:16:11.203109
309,88,2ccAkg3,2020-06-17 02:24:15.053568
309,88,2ccAkg3,2020-06-17 02:33:55.540161
309,87,2ccAkg3,2020-06-17 02:43:48.456490
309,85,2ccAkg3,2020-06-17 02:54:06.021946
309,83,2ccAkg3,2020-06-17 03:08:14.872744
309,81,2ccAkg3,2020-06-17 03:16:00.509575
309,78,2ccAkg3,2020-06-17 03:24:06.074447
309,77,2ccAkg3,2020-06-17 03:33:35.239327
309,83,2ccAkg3,2020-06-17 03:43:42.584686
309,79,2ccAkg3,2020-06-17 03:53:41.334795
309,82,2ccAkg3,2020-06-17 04:08:20.399200
309,79,2ccAkg3,2020-06-17 04:16:27.182423
309,79,2ccAkg3,2020-06-17 04:24:56.321169
309,77,2ccAkg3,2020-06-17 04:33:58.372138
309,80,2ccAkg3,2020-06-17 04:43:56.188507
309,74,2ccAkg3,2020-06-17 04:53:34.312123
309,74,2ccAkg3,2020-06-17 05:07:46.827638
309,72,2ccAkg3,2020-06-17 05:15:41.554448
309,71,2ccAkg3,2020-06-17 05:23:44.564040
309,68,2ccAkg3,2020-06-17 05:33:50.773285
309,70,2ccAkg3,2020-06-17 05:43:45.402142
310,69,2ccAkg3,2020-06-17 05:53:47.562573
310,70,2ccAkg3,2020-06-17 06:08:33.805330
310,68,2ccAkg3,2020-06-17 06:16:32.556926
310,65,2ccAkg3,2020-06-17 06:24:33.446219
310,68,2ccAkg3,2020-06-17 06:33:31.834070
310,68,2ccAkg3,2020-06-17 06:43:38.275533
310,67,2ccAkg3,2020-06-17 06:53:37.551563
310,72,2ccAkg3,2020-06-17 07:08:00.002160
310,69,2ccAkg3,2020-06-17 07:15:50.789429
310,65,2ccAkg3,2020-06-17 07:23:58.594947
310,69,2ccAkg3,2020-06-17 07:33:52.328684
310,64,2ccAkg3,2020-06-17 07:43:58.361426
310,66,2ccAkg3,2020-06-17 07:53:55.613498
310,66,2ccAkg3,2020-06-17 08:08:43.709700
310,67,2ccAkg3,2020-06-17 08:16:40.172730
310,64,2ccAkg3,2020-06-17 08:24:51.592237
310,64,2ccAkg3,2020-06-17 08:33:49.324694
310,66,2ccAkg3,2020-06-17 08:43:50.899412
310,66,2ccAkg3,2020-06-17 08:53:47.350698
310,75,2ccAkg3,2020-06-17 09:08:05.045296
310,70,2ccAkg3,2020-06-17 09:16:20.615182
310,77,2ccAkg3,2020-06-17 09:24:09.393368
310,76,2ccAkg3,2020-06-17 09:33:48.364515
310,76,2ccAkg3,2020-06-17 09:43:41.413923
310,75,2ccAkg3,2020-06-17 09:53:48.261371
310,79,2ccAkg3,2020-06-17 10:07:51.774177
310,82,2ccAkg3,2020-06-17 10:16:02.710775
310,82,2ccAkg3,2020-06-17 10:23:55.517347
310,81,2ccAkg3,2020-06-17 10:34:03.717395
310,83,2ccAkg3,2020-06-17 10:43:30.654842
310,84,2ccAkg3,2020-06-17 10:53:34.594507
310,88,2ccAkg3,2020-06-17 11:07:50.492611
310,91,2ccAkg3,2020-06-17 11:15:45.036339
310,90,2ccAkg3,2020-06-17 11:23:49.506939
310,89,2ccAkg3,2020-06-17 11:33:52.347593
310,93,2ccAkg3,2020-06-17 11:43:51.657560
310,91,2ccAkg3,2020-06-17 11:54:00.871122
310,99,2ccAkg3,2020-06-17 12:10:23.395025
310,99,2ccAkg3,2020-06-17 12:18:18.964656
310,91,2ccAkg3,2020-06-17 12:26:15.309195
310,91,2ccAkg3,2020-06-17 12:34:56.676172
310,92,2ccAkg3,2020-06-17 12:43:53.872032
309,96,2ccAkg3,2020-06-17 12:54:36.424178
310,95,2ccAkg3,2020-06-17 13:08:17.381792
309,98,2ccAkg3,2020-06-17 13:16:08.579216
309,93,2ccAkg3,2020-06-17 13:24:13.036867
309,99,2ccAkg3,2020-06-17 13:33:40.370176
309,102,2ccAkg3,2020-06-17 13:43:41.122407
309,101,2ccAkg3,2020-06-17 13:53:41.529938
309,101,2ccAkg3,2020-06-17 14:08:03.233439
309,107,2ccAkg3,2020-06-17 14:16:00.358311
309,107,2ccAkg3,2020-06-17 14:24:04.532810
309,109,2ccAkg3,2020-06-17 14:33:40.680221
309,107,2ccAkg3,2020-06-17 14:43:37.666448
309,104,2ccAkg3,2020-06-17 14:53:40.546297
309,104,2ccAkg3,2020-06-17 15:07:58.202563
309,111,2ccAkg3,2020-06-17 15:15:54.386996
309,113,2ccAkg3,2020-06-17 15:24:00.122399
309,111,2ccAkg3,2020-06-17 15:33:38.681263
309,113,2ccAkg3,2020-06-17 15:43:47.450865
309,114,2ccAkg3,2020-06-17 15:53:31.775669
309,113,2ccAkg3,2020-06-17 16:08:42.387253
309,112,2ccAkg3,2020-06-17 16:16:48.821745
309,116,2ccAkg3,2020-06-17 16:24:45.467481
308,116,2ccAkg3,2020-06-17 16:34:37.631691
308,120,2ccAkg3,2020-06-17 16:43:35.928621
308,123,2ccAkg3,2020-06-17 16:53:42.499696
308,116,2ccAkg3,2020-06-17 17:08:05.223476
308,116,2ccAkg3,2020-06-17 17:16:06.677343
308,115,2ccAkg3,2020-06-17 17:24:08.907905
308,116,2ccAkg3,2020-06-17 17:33:44.697282
307,115,2ccAkg3,2020-06-17 17:43:44.537845
307,118,2ccAkg3,2020-06-17 17:53:49.079701
307,122,2ccAkg3,2020-06-17 18:08:27.262955
307,119,2ccAkg3,2020-06-17 18:16:29.338926
307,118,2ccAkg3,2020-06-17 18:24:33.424607
307,123,2ccAkg3,2020-06-17 18:33:37.630959
307,127,2ccAkg3,2020-06-17 18:43:37.087885
307,125,2ccAkg3,2020-06-17 18:53:43.520929
307,124,2ccAkg3,2020-06-17 19:07:19.467445
307,123,2ccAkg3,2020-06-17 19:15:18.795961
307,124,2ccAkg3,2020-06-17 19:23:44.427125
307,122,2ccAkg3,2020-06-17 19:33:56.484952
307,120,2ccAkg3,2020-06-17 19:43:59.489018
307,121,2ccAkg3,2020-06-17 19:54:01.205755
307,125,2ccAkg3,2020-06-17 20:09:12.883964
307,122,2ccAkg3,2020-06-17 20:17:12.147188
307,124,2ccAkg3,2020-06-17 20:25:11.318551
307,128,2ccAkg3,2020-06-17 20:33:47.686052
307,126,2ccAkg3,2020-06-17 20:43:47.613295
307,127,2ccAkg3,2020-06-17 20:53:49.975095
307,117,2ccAkg3,2020-06-17 21:07:37.748829
307,128,2ccAkg3,2020-06-17 21:15:29.491198
307,123,2ccAkg3,2020-06-17 21:23:33.332611
307,124,2ccAkg3,2020-06-17 21:33:37.237226
307,127,2ccAkg3,2020-06-17 21:43:40.473998
307,124,2ccAkg3,2020-06-17 21:53:43.491019
307,120,2ccAkg3,2020-06-17 22:07:30.247544
307,116,2ccAkg3,2020-06-17 22:15:26.640651
307,114,2ccAkg3,2020-06-17 22:23:59.543182
307,113,2ccAkg3,2020-06-17 22:33:59.272536
307,111,2ccAkg3,2020-06-17 22:43:35.484375
307,107,2ccAkg3,2020-06-17 22:53:33.245901
307,106,2ccAkg3,2020-06-17 23:07:43.230218
307,103,2ccAkg3,2020-06-17 23:15:56.564898
307,103,2ccAkg3,2020-06-17 23:23:47.423695
307,107,2ccAkg3,2020-06-17 23:33:53.023822
307,104,2ccAkg3,2020-06-17 23:43:57.703035
307,106,2ccAkg3,2020-06-17 23:53:53.427476
307,101,2ccAkg3,2020-06-18 00:21:19.691533
307,93,2ccAkg3,2020-06-18 00:33:49.169049
307,87,2ccAkg3,2020-06-18 00:43:33.199932
307,91,2ccAkg3,2020-06-18 00:53:50.335495
307,88,2ccAkg3,2020-06-18 01:08:40.474582
307,85,2ccAkg3,2020-06-18 01:16:38.288779
307,85,2ccAkg3,2020-06-18 01:24:41.934431
307,87,2ccAkg3,2020-06-18 01:33:47.698134
307,87,2ccAkg3,2020-06-18 01:44:06.839714
307,91,2ccAkg3,2020-06-18 01:54:05.234986
307,87,2ccAkg3,2020-06-18 02:08:24.512413
307,86,2ccAkg3,2020-06-18 02:16:28.193778
307,83,2ccAkg3,2020-06-18 02:24:29.456189
307,86,2ccAkg3,2020-06-18 02:33:39.656247
307,89,2ccAkg3,2020-06-18 02:44:40.447878
307,83,2ccAkg3,2020-06-18 02:54:00.124219
307,81,2ccAkg3,2020-06-18 03:07:51.698856
307,82,2ccAkg3,2020-06-18 03:16:04.298406
307,79,2ccAkg3,2020-06-18 03:23:49.548919
307,80,2ccAkg3,2020-06-18 03:33:54.286603
307,75,2ccAkg3,2020-06-18 03:43:54.298851
307,73,2ccAkg3,2020-06-18 03:53:58.357243
307,72,2ccAkg3,2020-06-18 04:08:12.062235
307,76,2ccAkg3,2020-06-18 04:16:10.218907
307,76,2ccAkg3,2020-06-18 04:24:20.542124
307,76,2ccAkg3,2020-06-18 04:33:50.825321
307,74,2ccAkg3,2020-06-18 04:43:54.523818
307,76,2ccAkg3,2020-06-18 04:54:11.270869
307,72,2ccAkg3,2020-06-18 05:07:28.642313
308,69,2ccAkg3,2020-06-18 05:15:30.338671
308,71,2ccAkg3,2020-06-18 05:24:01.494197
308,75,2ccAkg3,2020-06-18 05:33:33.827446
308,71,2ccAkg3,2020-06-18 05:43:37.609817
308,72,2ccAkg3,2020-06-18 05:53:39.414894
308,71,2ccAkg3,2020-06-18 06:08:42.486771
308,67,2ccAkg3,2020-06-18 06:16:20.891871
308,73,2ccAkg3,2020-06-18 06:24:25.745378
308,71,2ccAkg3,2020-06-18 06:33:54.994075
308,72,2ccAkg3,2020-06-18 06:43:56.372624
308,67,2ccAkg3,2020-06-18 06:54:01.974931
308,63,2ccAkg3,2020-06-18 07:09:38.979411
308,64,2ccAkg3,2020-06-18 07:16:11.667511
308,70,2ccAkg3,2020-06-18 07:24:31.491074
308,72,2ccAkg3,2020-06-18 07:33:44.846388
308,75,2ccAkg3,2020-06-18 07:43:48.445838
308,72,2ccAkg3,2020-06-18 07:53:54.705223
308,70,2ccAkg3,2020-06-18 08:08:39.023514
308,72,2ccAkg3,2020-06-18 08:16:38.576991
308,74,2ccAkg3,2020-06-18 08:24:44.596119
308,72,2ccAkg3,2020-06-18 08:33:44.007878
308,71,2ccAkg3,2020-06-18 08:43:48.886386
308,69,2ccAkg3,2020-06-18 08:53:48.052803
308,70,2ccAkg3,2020-06-18 09:07:55.170740
308,70,2ccAkg3,2020-06-18 09:16:55.509540
308,79,2ccAkg3,2020-06-18 09:24:05.849780
308,80,2ccAkg3,2020-06-18 09:33:37.429534
308,74,2ccAkg3,2020-06-18 09:43:39.156840
308,80,2ccAkg3,2020-06-18 09:53:53.709082
308,87,2ccAkg3,2020-06-18 10:08:05.559745
308,85,2ccAkg3,2020-06-18 10:16:21.981394
308,86,2ccAkg3,2020-06-18 10:24:09.846839
308,86,2ccAkg3,2020-06-18 10:33:42.763562
308,85,2ccAkg3,2020-06-18 10:43:50.848206
308,82,2ccAkg3,2020-06-18 10:53:42.976398
308,84,2ccAkg3,2020-06-18 11:07:21.643296
308,83,2ccAkg3,2020-06-18 11:15:26.660086
308,86,2ccAkg3,2020-06-18 11:23:56.020978
308,89,2ccAkg3,2020-06-18 11:33:39.546190
308,86,2ccAkg3,2020-06-18 11:43:41.602278
308,87,2ccAkg3,2020-06-18 11:53:51.022795
308,92,2ccAkg3,2020-06-18 12:10:15.196352
308,99,2ccAkg3,2020-06-18 12:18:18.492491
308,96,2ccAkg3,2020-06-18 12:26:20.487959
308,97,2ccAkg3,2020-06-18 12:34:34.703053
308,94,2ccAkg3,2020-06-18 12:43:56.595451
308,93,2ccAkg3,2020-06-18 12:53:52.756916
308,94,2ccAkg3,2020-06-18 13:07:45.417561
308,98,2ccAkg3,2020-06-18 13:15:43.747764
308,94,2ccAkg3,2020-06-18 13:23:50.253369
308,91,2ccAkg3,2020-06-18 13:34:05.043761
308,92,2ccAkg3,2020-06-18 13:44:00.156023
308,93,2ccAkg3,2020-06-18 13:53:49.625336
308,99,2ccAkg3,2020-06-18 14:09:50.781117
308,98,2ccAkg3,2020-06-18 14:16:20.366404
308,98,2ccAkg3,2020-06-18 14:24:21.179918
308,104,2ccAkg3,2020-06-18 14:33:40.290495
308,100,2ccAkg3,2020-06-18 14:43:42.028482
308,102,2ccAkg3,2020-06-18 14:53:48.960754
308,101,2ccAkg3,2020-06-18 15:07:53.431341
308,101,2ccAkg3,2020-06-18 15:15:54.589604
308,102,2ccAkg3,2020-06-18 15:23:58.392812
308,109,2ccAkg3,2020-06-18 15:33:34.751254
308,108,2ccAkg3,2020-06-18 15:43:36.128581
308,104,2ccAkg3,2020-06-18 15:53:36.242585
308,108,2ccAkg3,2020-06-18 16:08:19.679187
308,111,2ccAkg3,2020-06-18 16:16:35.149351
308,117,2ccAkg3,2020-06-18 16:24:21.648921
308,112,2ccAkg3,2020-06-18 16:33:56.572031
308,117,2ccAkg3,2020-06-18 16:43:44.341478
308,120,2ccAkg3,2020-06-18 16:53:44.636969
308,121,2ccAkg3,2020-06-18 17:10:36.619503
308,116,2ccAkg3,2020-06-18 17:16:12.607332
308,118,2ccAkg3,2020-06-18 17:24:12.670504
308,118,2ccAkg3,2020-06-18 17:34:51.407496
308,117,2ccAkg3,2020-06-18 17:43:47.507369
308,120,2ccAkg3,2020-06-18 17:53:49.145073
308,120,2ccAkg3,2020-06-18 18:08:33.519104
308,115,2ccAkg3,2020-06-18 18:16:36.599487
308,116,2ccAkg3,2020-06-18 18:24:36.427433
308,118,2ccAkg3,2020-06-18 18:33:42.481056
308,126,2ccAkg3,2020-06-18 18:43:43.654883
308,117,2ccAkg3,2020-06-18 18:54:06.128902
308,123,2ccAkg3,2020-06-18 19:07:28.548681
308,122,2ccAkg3,2020-06-18 19:15:27.271849
308,118,2ccAkg3,2020-06-18 19:24:00.876045
308,115,2ccAkg3,2020-06-18 19:33:33.741503
308,123,2ccAkg3,2020-06-18 19:43:38.370730
308,121,2ccAkg3,2020-06-18 19:53:40.480001
308,123,2ccAkg3,2020-06-18 20:08:54.412681
309,123,2ccAkg3,2020-06-18 20:16:55.787201
309,117,2ccAkg3,2020-06-18 20:24:54.463100
309,114,2ccAkg3,2020-06-18 20:33:58.402872
309,120,2ccAkg3,2020-06-18 20:44:00.545372
309,125,2ccAkg3,2020-06-18 20:53:40.149982
309,122,2ccAkg3,2020-06-18 21:07:51.505871
309,126,2ccAkg3,2020-06-18 21:15:42.556572
309,124,2ccAkg3,2020-06-18 21:23:44.957066
309,120,2ccAkg3,2020-06-18 21:33:48.557950
309,120,2ccAkg3,2020-06-18 21:43:39.694393
309,119,2ccAkg3,2020-06-18 21:53:44.942470
310,116,2ccAkg3,2020-06-18 22:07:30.950328
310,122,2ccAkg3,2020-06-18 22:15:29.616397
310,125,2ccAkg3,2020-06-18 22:23:44.390393
309,124,2ccAkg3,2020-06-18 22:33:37.397458
309,120,2ccAkg3,2020-06-18 22:43:46.786679
309,116,2ccAkg3,2020-06-18 22:53:37.781921
310,114,2ccAkg3,2020-06-18 23:07:15.628534
309,111,2ccAkg3,2020-06-18 23:15:18.938634
309,109,2ccAkg3,2020-06-18 23:24:12.101827
308,108,2ccAkg3,2020-06-18 23:33:53.599593
308,109,2ccAkg3,2020-06-18 23:44:22.265352
308,101,2ccAkg3,2020-06-18 23:53:30.532286
308,103,2ccAkg3,2020-06-19 00:21:52.518571
309,104,2ccAkg3,2020-06-19 00:33:54.230030
309,101,2ccAkg3,2020-06-19 00:43:51.755960
309,103,2ccAkg3,2020-06-19 00:53:51.329800
308,102,2ccAkg3,2020-06-19 01:10:23.388482
308,105,2ccAkg3,2020-06-19 01:16:44.232766
308,102,2ccAkg3,2020-06-19 01:25:05.187385
308,95,2ccAkg3,2020-06-19 01:34:10.569130
308,97,2ccAkg3,2020-06-19 01:44:01.990661
308,94,2ccAkg3,2020-06-19 01:53:51.306848
308,91,2ccAkg3,2020-06-19 02:08:29.263425
308,93,2ccAkg3,2020-06-19 02:16:33.411475
308,90,2ccAkg3,2020-06-19 02:24:45.531933
308,86,2ccAkg3,2020-06-19 02:33:34.385398
309,88,2ccAkg3,2020-06-19 02:43:39.562847
309,86,2ccAkg3,2020-06-19 02:53:39.471694
309,88,2ccAkg3,2020-06-19 03:07:52.255368
309,88,2ccAkg3,2020-06-19 03:15:51.335336
309,83,2ccAkg3,2020-06-19 03:24:37.883757
309,88,2ccAkg3,2020-06-19 03:34:02.749374
309,88,2ccAkg3,2020-06-19 03:44:02.844390
309,84,2ccAkg3,2020-06-19 03:54:00.487384
309,86,2ccAkg3,2020-06-19 04:08:41.372427
309,84,2ccAkg3,2020-06-19 04:16:45.612733
309,83,2ccAkg3,2020-06-19 04:25:04.165151
309,83,2ccAkg3,2020-06-19 04:33:47.305337
309,81,2ccAkg3,2020-06-19 04:43:45.991960
309,82,2ccAkg3,2020-06-19 04:53:50.320609
309,83,2ccAkg3,2020-06-19 05:07:35.337277
309,84,2ccAkg3,2020-06-19 05:15:41.969677
309,84,2ccAkg3,2020-06-19 05:24:04.614077
309,83,2ccAkg3,2020-06-19 05:33:37.909938
309,81,2ccAkg3,2020-06-19 05:43:36.794838
309,78,2ccAkg3,2020-06-19 05:53:38.572432
309,81,2ccAkg3,2020-06-19 06:08:18.318062
309,78,2ccAkg3,2020-06-19 06:16:21.576822
309,79,2ccAkg3,2020-06-19 06:24:21.582929
309,84,2ccAkg3,2020-06-19 06:33:56.491508
309,83,2ccAkg3,2020-06-19 06:43:48.766099
309,85,2ccAkg3,2020-06-19 06:53:58.485198
309,79,2ccAkg3,2020-06-19 07:08:11.417088
309,78,2ccAkg3,2020-06-19 07:16:27.232742
309,77,2ccAkg3,2020-06-19 07:24:12.781850
309,76,2ccAkg3,2020-06-19 07:33:47.979829
309,72,2ccAkg3,2020-06-19 07:43:51.999254
309,74,2ccAkg3,2020-06-19 07:53:37.543782
309,76,2ccAkg3,2020-06-19 08:09:01.545852
309,77,2ccAkg3,2020-06-19 08:17:26.519116
309,76,2ccAkg3,2020-06-19 08:25:08.263756
309,75,2ccAkg3,2020-06-19 08:33:39.390051
309,72,2ccAkg3,2020-06-19 08:43:39.784633
309,75,2ccAkg3,2020-06-19 08:53:38.500116
309,78,2ccAkg3,2020-06-19 09:07:52.714609
309,73,2ccAkg3,2020-06-19 09:16:10.351935
309,72,2ccAkg3,2020-06-19 09:24:21.741200
309,74,2ccAkg3,2020-06-19 09:34:23.137813
309,75,2ccAkg3,2020-06-19 09:43:46.802009
309,82,2ccAkg3,2020-06-19 09:54:17.487203
309,83,2ccAkg3,2020-06-19 10:07:45.186965
309,84,2ccAkg3,2020-06-19 10:15:49.288541
310,88,2ccAkg3,2020-06-19 10:23:45.488920
310,88,2ccAkg3,2020-06-19 10:33:55.261190
310,89,2ccAkg3,2020-06-19 10:43:51.775820
310,89,2ccAkg3,2020-06-19 10:53:54.567047
310,85,2ccAkg3,2020-06-19 11:07:33.523642
310,85,2ccAkg3,2020-06-19 11:15:36.367855
310,89,2ccAkg3,2020-06-19 11:23:41.733878
310,87,2ccAkg3,2020-06-19 11:33:41.191392
310,93,2ccAkg3,2020-06-19 11:43:58.316675
310,92,2ccAkg3,2020-06-19 11:54:04.510067
310,94,2ccAkg3,2020-06-19 12:10:29.404309
310,92,2ccAkg3,2020-06-19 12:18:32.445085
310,96,2ccAkg3,2020-06-19 12:26:47.858683
310,90,2ccAkg3,2020-06-19 12:34:45.451412
310,99,2ccAkg3,2020-06-19 12:43:34.550347
310,97,2ccAkg3,2020-06-19 12:53:36.674448
310,100,2ccAkg3,2020-06-19 13:07:46.410187
310,105,2ccAkg3,2020-06-19 13:15:49.322390
310,106,2ccAkg3,2020-06-19 13:23:51.742715
310,106,2ccAkg3,2020-06-19 13:33:54.494991
310,104,2ccAkg3,2020-06-19 13:43:54.701089
310,104,2ccAkg3,2020-06-19 13:53:57.491214
310,104,2ccAkg3,2020-06-19 14:08:08.889972
310,103,2ccAkg3,2020-06-19 14:16:14.377848
310,108,2ccAkg3,2020-06-19 14:24:13.513360
310,110,2ccAkg3,2020-06-19 14:34:11.086585
310,114,2ccAkg3,2020-06-19 14:43:57.379903
310,111,2ccAkg3,2020-06-19 14:53:51.596802
310,115,2ccAkg3,2020-06-19 15:08:03.347391
310,117,2ccAkg3,2020-06-19 15:16:06.482537
310,119,2ccAkg3,2020-06-19 15:24:34.612883
310,115,2ccAkg3,2020-06-19 15:33:47.657939
310,119,2ccAkg3,2020-06-19 15:43:50.634880
310,113,2ccAkg3,2020-06-19 15:53:50.459598
310,110,2ccAkg3,2020-06-19 16:08:33.672553
310,113,2ccAkg3,2020-06-19 16:16:36.712955
310,115,2ccAkg3,2020-06-19 16:24:46.337066
310,114,2ccAkg3,2020-06-19 16:33:55.792600
310,116,2ccAkg3,2020-06-19 16:43:37.896564
310,119,2ccAkg3,2020-06-19 16:53:32.170217
310,126,2ccAkg3,2020-06-19 17:07:52.467161
310,126,2ccAkg3,2020-06-19 17:15:55.466420
310,125,2ccAkg3,2020-06-19 17:23:58.345856
310,121,2ccAkg3,2020-06-19 17:33:35.512891
310,124,2ccAkg3,2020-06-19 17:43:32.678458
310,126,2ccAkg3,2020-06-19 17:53:31.303583
310,129,2ccAkg3,2020-06-19 18:08:37.498818
310,131,2ccAkg3,2020-06-19 18:16:43.591347
310,127,2ccAkg3,2020-06-19 18:24:43.532554
310,124,2ccAkg3,2020-06-19 18:33:50.462434
310,126,2ccAkg3,2020-06-19 18:43:47.268620
310,129,2ccAkg3,2020-06-19 18:53:50.587219
310,124,2ccAkg3,2020-06-19 19:07:33.071007
310,125,2ccAkg3,2020-06-19 19:15:32.330005
310,119,2ccAkg3,2020-06-19 19:23:36.508063
310,119,2ccAkg3,2020-06-19 19:33:54.238001
310,123,2ccAkg3,2020-06-19 19:43:40.487033
310,122,2ccAkg3,2020-06-19 19:54:00.650551
310,118,2ccAkg3,2020-06-19 20:08:58.854817
310,120,2ccAkg3,2020-06-19 20:16:55.706654
310,122,2ccAkg3,2020-06-19 20:25:26.047307
310,121,2ccAkg3,2020-06-19 20:33:32.708304
310,118,2ccAkg3,2020-06-19 20:43:30.372936
310,117,2ccAkg3,2020-06-19 20:53:53.965167
310,120,2ccAkg3,2020-06-19 21:08:24.536766
310,115,2ccAkg3,2020-06-19 21:16:08.649985
310,120,2ccAkg3,2020-06-19 21:23:47.614445
310,125,2ccAkg3,2020-06-19 21:34:06.039149
310,126,2ccAkg3,2020-06-19 21:43:52.786413
310,126,2ccAkg3,2020-06-19 21:53:46.840315
310,121,2ccAkg3,2020-06-19 22:07:55.796616
310,119,2ccAkg3,2020-06-19 22:15:56.107900
310,122,2ccAkg3,2020-06-19 22:23:57.281121
310,119,2ccAkg3,2020-06-19 22:33:39.571289
310,117,2ccAkg3,2020-06-19 22:43:39.004469
310,116,2ccAkg3,2020-06-19 22:53:40.477421
310,118,2ccAkg3,2020-06-19 23:07:20.558247
310,118,2ccAkg3,2020-06-19 23:15:25.512429
310,113,2ccAkg3,2020-06-19 23:23:46.614444
310,111,2ccAkg3,2020-06-19 23:33:57.768458
310,110,2ccAkg3,2020-06-19 23:43:41.363218
310,108,2ccAkg3,2020-06-19 23:53:29.101696
310,111,2ccAkg3,2020-06-20 00:21:54.690069
310,107,2ccAkg3,2020-06-20 00:33:54.940422
310,109,2ccAkg3,2020-06-20 00:43:29.190760
310,109,2ccAkg3,2020-06-20 00:53:33.316770
310,102,2ccAkg3,2020-06-20 01:10:26.852870
310,102,2ccAkg3,2020-06-20 01:16:51.966354
310,100,2ccAkg3,2020-06-20 01:24:44.623683
310,97,2ccAkg3,2020-06-20 01:33:47.305971
310,95,2ccAkg3,2020-06-20 01:43:47.499874
310,95,2ccAkg3,2020-06-20 01:53:48.802636
310,89,2ccAkg3,2020-06-20 02:08:47.677876
310,90,2ccAkg3,2020-06-20 02:16:31.215453
310,83,2ccAkg3,2020-06-20 02:24:31.544880
310,84,2ccAkg3,2020-06-20 02:33:36.477247
310,82,2ccAkg3,2020-06-20 02:43:35.502161
310,80,2ccAkg3,2020-06-20 02:53:39.982249
310,82,2ccAkg3,2020-06-20 03:07:47.176976
310,85,2ccAkg3,2020-06-20 03:15:55.605860
310,80,2ccAkg3,2020-06-20 03:23:51.434897
310,78,2ccAkg3,2020-06-20 03:33:58.410632
310,79,2ccAkg3,2020-06-20 03:44:01.109672
310,76,2ccAkg3,2020-06-20 03:54:00.562057
310,77,2ccAkg3,2020-06-20 04:09:04.586939
310,73,2ccAkg3,2020-06-20 04:16:16.074785
310,75,2ccAkg3,2020-06-20 04:24:43.764112
310,70,2ccAkg3,2020-06-20 04:33:49.484466
310,72,2ccAkg3,2020-06-20 04:43:46.010539
310,70,2ccAkg3,2020-06-20 04:54:14.378508
310,66,2ccAkg3,2020-06-20 05:07:24.137535
310,65,2ccAkg3,2020-06-20 05:15:29.996757
310,67,2ccAkg3,2020-06-20 05:23:29.254123
310,73,2ccAkg3,2020-06-20 05:33:56.531276
310,68,2ccAkg3,2020-06-20 05:43:37.660884
310,67,2ccAkg3,2020-06-20 05:53:50.319925
310,64,2ccAkg3,2020-06-20 06:08:20.715405
310,66,2ccAkg3,2020-06-20 06:16:23.247354
310,65,2ccAkg3,2020-06-20 06:24:20.303640
310,69,2ccAkg3,2020-06-20 06:33:52.532010
310,67,2ccAkg3,2020-06-20 06:44:11.339743
310,64,2ccAkg3,2020-06-20 06:53:58.952111
310,63,2ccAkg3,2020-06-20 07:08:19.379686
310,64,2ccAkg3,2020-06-20 07:16:09.884089
310,66,2ccAkg3,2020-06-20 07:24:11.379243
310,65,2ccAkg3,2020-06-20 07:33:44.133334
310,68,2ccAkg3,2020-06-20 07:43:41.800122
310,66,2ccAkg3,2020-06-20 07:53:46.647473
310,66,2ccAkg3,2020-06-20 08:08:38.754129
310,68,2ccAkg3,2020-06-20 08:16:25.912048
310,67,2ccAkg3,2020-06-20 08:24:26.693106
310,66,2ccAkg3,2020-06-20 08:33:45.817368
310,66,2ccAkg3,2020-06-20 08:43:38.280521
310,63,2ccAkg3,2020-06-20 08:53:34.491853
311,61,2ccAkg3,2020-06-20 09:07:42.246438
311,69,2ccAkg3,2020-06-20 09:15:45.887961
310,66,2ccAkg3,2020-06-20 09:23:49.796695
310,71,2ccAkg3,2020-06-20 09:34:06.229215
310,70,2ccAkg3,2020-06-20 09:44:07.991296
310,73,2ccAkg3,2020-06-20 09:53:57.523030
310,76,2ccAkg3,2020-06-20 10:08:21.859128
310,78,2ccAkg3,2020-06-20 10:16:04.595777
311,77,2ccAkg3,2020-06-20 10:24:07.747062
311,80,2ccAkg3,2020-06-20 10:33:41.085511
311,75,2ccAkg3,2020-06-20 10:43:39.508466
311,84,2ccAkg3,2020-06-20 10:53:41.262897
311,81,2ccAkg3,2020-06-20 11:07:19.671982
311,83,2ccAkg3,2020-06-20 11:15:26.508025
311,85,2ccAkg3,2020-06-20 11:23:52.261964
311,86,2ccAkg3,2020-06-20 11:33:58.302612
311,86,2ccAkg3,2020-06-20 11:43:33.624068
311,85,2ccAkg3,2020-06-20 11:53:29.616858
311,87,2ccAkg3,2020-06-20 12:10:15.504427
311,92,2ccAkg3,2020-06-20 12:18:29.679969
311,92,2ccAkg3,2020-06-20 12:26:46.572112
312,92,2ccAkg3,2020-06-20 12:34:55.496467
311,90,2ccAkg3,2020-06-20 12:43:51.572759
311,96,2ccAkg3,2020-06-20 12:53:53.366812
311,96,2ccAkg3,2020-06-20 13:08:07.645528
311,96,2ccAkg3,2020-06-20 13:16:04.637199
311,98,2ccAkg3,2020-06-20 13:24:10.092407
311,98,2ccAkg3,2020-06-20 13:33:40.771528
311,98,2ccAkg3,2020-06-20 13:43:45.974174
311,96,2ccAkg3,2020-06-20 13:53:46.415978
311,99,2ccAkg3,2020-06-20 14:14:09.901875
311,103,2ccAkg3,2020-06-20 14:23:31.235004
311,101,2ccAkg3,2020-06-20 14:33:58.084969
311,107,2ccAkg3,2020-06-20 14:43:43.639119
311,104,2ccAkg3,2020-06-20 14:53:48.403457
311,106,2ccAkg3,2020-06-20 15:07:37.348076
311,112,2ccAkg3,2020-06-20 15:15:44.428366
311,113,2ccAkg3,2020-06-20 15:23:55.108348
311,114,2ccAkg3,2020-06-20 15:33:55.998817
311,111,2ccAkg3,2020-06-20 15:44:15.598663
311,115,2ccAkg3,2020-06-20 15:53:52.965400
311,114,2ccAkg3,2020-06-20 16:08:05.479802
311,117,2ccAkg3,2020-06-20 16:15:58.335527
311,114,2ccAkg3,2020-06-20 16:24:03.620970
311,115,2ccAkg3,2020-06-20 16:33:37.112596
311,116,2ccAkg3,2020-06-20 16:43:39.500342
311,117,2ccAkg3,2020-06-20 16:53:44.406418
311,112,2ccAkg3,2020-06-20 17:07:44.302893
311,119,2ccAkg3,2020-06-20 17:15:51.470001
311,117,2ccAkg3,2020-06-20 17:24:14.448135
311,115,2ccAkg3,2020-06-20 17:33:56.808575
311,117,2ccAkg3,2020-06-20 17:43:54.488916
311,111,2ccAkg3,2020-06-20 17:53:59.229804
311,113,2ccAkg3,2020-06-20 18:08:11.652428
311,116,2ccAkg3,2020-06-20 18:16:10.694742
311,113,2ccAkg3,2020-06-20 18:24:10.768425
311,115,2ccAkg3,2020-06-20 18:33:59.322611
311,113,2ccAkg3,2020-06-20 18:43:41.396605
311,114,2ccAkg3,2020-06-20 18:54:04.423101
311,114,2ccAkg3,2020-06-20 19:07:40.019145
311,115,2ccAkg3,2020-06-20 19:15:25.624662
311,120,2ccAkg3,2020-06-20 19:23:39.426198
311,122,2ccAkg3,2020-06-20 19:33:41.910890
311,118,2ccAkg3,2020-06-20 19:43:37.306009
311,121,2ccAkg3,2020-06-20 19:53:34.659505
311,119,2ccAkg3,2020-06-20 20:08:59.965085
311,115,2ccAkg3,2020-06-20 20:16:46.306246
311,118,2ccAkg3,2020-06-20 20:24:49.418538
311,114,2ccAkg3,2020-06-20 20:33:55.452037
311,113,2ccAkg3,2020-06-20 20:44:23.341724
311,109,2ccAkg3,2020-06-20 20:53:58.252524
311,120,2ccAkg3,2020-06-20 21:07:43.243164
311,114,2ccAkg3,2020-06-20 21:15:58.222284
311,118,2ccAkg3,2020-06-20 21:24:04.040518
311,122,2ccAkg3,2020-06-20 21:33:43.250868
311,113,2ccAkg3,2020-06-20 21:43:43.030857
311,113,2ccAkg3,2020-06-20 21:53:47.724269
311,112,2ccAkg3,2020-06-20 22:07:23.344982
311,113,2ccAkg3,2020-06-20 22:15:23.219297
311,114,2ccAkg3,2020-06-20 22:23:58.563215
311,116,2ccAkg3,2020-06-20 22:33:37.348348
311,118,2ccAkg3,2020-06-20 22:43:29.736166
311,120,2ccAkg3,2020-06-20 22:53:32.218729
311,119,2ccAkg3,2020-06-20 23:07:50.537273
312,123,2ccAkg3,2020-06-20 23:15:44.373932
312,120,2ccAkg3,2020-06-20 23:23:48.182086
312,122,2ccAkg3,2020-06-20 23:33:51.375928
312,112,2ccAkg3,2020-06-20 23:43:51.029499
312,109,2ccAkg3,2020-06-20 23:53:54.023113
312,101,2ccAkg3,2020-06-21 00:23:01.253099
312,105,2ccAkg3,2020-06-21 00:34:20.515012
312,100,2ccAkg3,2020-06-21 00:43:42.040080
312,96,2ccAkg3,2020-06-21 00:54:52.610386
312,97,2ccAkg3,2020-06-21 01:08:35.322130
312,98,2ccAkg3,2020-06-21 01:16:36.130957
312,98,2ccAkg3,2020-06-21 01:24:47.565223
312,98,2ccAkg3,2020-06-21 01:33:52.837530
312,103,2ccAkg3,2020-06-21 01:43:44.327527
312,102,2ccAkg3,2020-06-21 01:54:47.576123
312,95,2ccAkg3,2020-06-21 02:08:32.707477
312,97,2ccAkg3,2020-06-21 02:16:21.551906
312,95,2ccAkg3,2020-06-21 02:24:24.531864
312,92,2ccAkg3,2020-06-21 02:34:03.576389
312,89,2ccAkg3,2020-06-21 02:43:49.036612
312,88,2ccAkg3,2020-06-21 02:53:47.755938
312,86,2ccAkg3,2020-06-21 03:08:26.213716
312,83,2ccAkg3,2020-06-21 03:16:12.407590
312,84,2ccAkg3,2020-06-21 03:24:19.858540
312,86,2ccAkg3,2020-06-21 03:33:46.921115
312,84,2ccAkg3,2020-06-21 03:43:45.250113
312,83,2ccAkg3,2020-06-21 03:53:47.547842
312,80,2ccAkg3,2020-06-21 04:10:05.287909
312,77,2ccAkg3,2020-06-21 04:16:31.956065
312,77,2ccAkg3,2020-06-21 04:24:31.553826
312,81,2ccAkg3,2020-06-21 04:33:37.446324
312,79,2ccAkg3,2020-06-21 04:43:36.518774
312,82,2ccAkg3,2020-06-21 04:53:42.013125
312,76,2ccAkg3,2020-06-21 05:07:50.527312
312,76,2ccAkg3,2020-06-21 05:15:15.323611
312,76,2ccAkg3,2020-06-21 05:23:48.347806
312,77,2ccAkg3,2020-06-21 05:33:50.217036
312,74,2ccAkg3,2020-06-21 05:43:54.339785
312,75,2ccAkg3,2020-06-21 05:53:57.014580
312,75,2ccAkg3,2020-06-21 06:08:57.914058
312,78,2ccAkg3,2020-06-21 06:16:40.227876
312,78,2ccAkg3,2020-06-21 06:24:39.458862
312,79,2ccAkg3,2020-06-21 06:33:47.571572
312,72,2ccAkg3,2020-06-21 06:43:43.258628
312,74,2ccAkg3,2020-06-21 06:53:45.597732
312,73,2ccAkg3,2020-06-21 07:08:05.154992
312,74,2ccAkg3,2020-06-21 07:15:56.244524
312,74,2ccAkg3,2020-06-21 07:23:58.038376
312,75,2ccAkg3,2020-06-21 07:33:37.058884
312,74,2ccAkg3,2020-06-21 07:43:32.627813
312,75,2ccAkg3,2020-06-21 07:53:38.952433
312,73,2ccAkg3,2020-06-21 08:08:25.995307
312,73,2ccAkg3,2020-06-21 08:16:16.560739
312,73,2ccAkg3,2020-06-21 08:24:22.956283
312,75,2ccAkg3,2020-06-21 08:33:49.094763
312,77,2ccAkg3,2020-06-21 08:43:50.147290
312,76,2ccAkg3,2020-06-21 08:53:53.967295
312,74,2ccAkg3,2020-06-21 09:08:07.900813
312,74,2ccAkg3,2020-06-21 09:16:08.399502
312,77,2ccAkg3,2020-06-21 09:24:08.847801
312,78,2ccAkg3,2020-06-21 09:33:44.125187
312,74,2ccAkg3,2020-06-21 09:43:42.280427
312,72,2ccAkg3,2020-06-21 09:53:43.559323
312,73,2ccAkg3,2020-06-21 10:08:00.558969
312,75,2ccAkg3,2020-06-21 10:15:55.573986
312,75,2ccAkg3,2020-06-21 10:23:56.485538
312,75,2ccAkg3,2020-06-21 10:33:35.544505
312,76,2ccAkg3,2020-06-21 10:43:30.286083
312,78,2ccAkg3,2020-06-21 10:53:31.138932
312,80,2ccAkg3,2020-06-21 11:07:44.655734
312,76,2ccAkg3,2020-06-21 11:15:41.561695
312,77,2ccAkg3,2020-06-21 11:24:12.430321
312,75,2ccAkg3,2020-06-21 11:34:05.069651
312,79,2ccAkg3,2020-06-21 11:43:45.506324
312,80,2ccAkg3,2020-06-21 11:53:48.322261
312,83,2ccAkg3,2020-06-21 12:10:02.711582
312,84,2ccAkg3,2020-06-21 12:18:04.560235
312,83,2ccAkg3,2020-06-21 12:26:07.797550
312,83,2ccAkg3,2020-06-21 12:35:25.312147
312,88,2ccAkg3,2020-06-21 12:43:45.848222
312,88,2ccAkg3,2020-06-21 12:53:39.522340
312,93,2ccAkg3,2020-06-21 13:07:32.469231
312,98,2ccAkg3,2020-06-21 13:15:58.144324
312,98,2ccAkg3,2020-06-21 13:23:55.357312
312,98,2ccAkg3,2020-06-21 13:34:17.524045
312,100,2ccAkg3,2020-06-21 13:43:54.377202
312,103,2ccAkg3,2020-06-21 13:54:01.163900
312,105,2ccAkg3,2020-06-21 14:13:06.767675
312,106,2ccAkg3,2020-06-21 14:16:11.165150
312,105,2ccAkg3,2020-06-21 14:24:10.929218
312,103,2ccAkg3,2020-06-21 14:33:43.514164
312,106,2ccAkg3,2020-06-21 14:43:46.046260
312,107,2ccAkg3,2020-06-21 14:53:47.742696
312,109,2ccAkg3,2020-06-21 15:08:04.652911
312,109,2ccAkg3,2020-06-21 15:15:58.737853
312,112,2ccAkg3,2020-06-21 15:24:04.385680
312,112,2ccAkg3,2020-06-21 15:33:40.640274
313,112,2ccAkg3,2020-06-21 15:43:37.296495
313,117,2ccAkg3,2020-06-21 15:53:36.572537
313,120,2ccAkg3,2020-06-21 16:08:26.039460
313,123,2ccAkg3,2020-06-21 16:16:18.818921
313,121,2ccAkg3,2020-06-21 16:24:28.908731
313,122,2ccAkg3,2020-06-21 16:33:55.793792
313,119,2ccAkg3,2020-06-21 16:43:54.454149
313,118,2ccAkg3,2020-06-21 16:53:39.387422
313,118,2ccAkg3,2020-06-21 17:07:31.946450
313,118,2ccAkg3,2020-06-21 17:15:35.586725
313,119,2ccAkg3,2020-06-21 17:23:37.357329
313,117,2ccAkg3,2020-06-21 17:33:39.536452
313,118,2ccAkg3,2020-06-21 17:43:42.425231
313,114,2ccAkg3,2020-06-21 17:53:43.149594
313,118,2ccAkg3,2020-06-21 18:08:22.489870
313,121,2ccAkg3,2020-06-21 18:16:47.510484
313,125,2ccAkg3,2020-06-21 18:24:26.438219
313,123,2ccAkg3,2020-06-21 18:33:34.055029
313,128,2ccAkg3,2020-06-21 18:43:36.708648
313,127,2ccAkg3,2020-06-21 18:53:33.604021
313,127,2ccAkg3,2020-06-21 19:07:19.913067
313,129,2ccAkg3,2020-06-21 19:15:27.899535
313,128,2ccAkg3,2020-06-21 19:23:47.305638
313,127,2ccAkg3,2020-06-21 19:33:51.334557
313,126,2ccAkg3,2020-06-21 19:43:45.624216
313,121,2ccAkg3,2020-06-21 19:53:56.436012
313,117,2ccAkg3,2020-06-21 20:09:01.550622
313,113,2ccAkg3,2020-06-21 20:17:09.321387
313,111,2ccAkg3,2020-06-21 20:25:06.582337
313,116,2ccAkg3,2020-06-21 20:33:57.740174
